fidx,fkey,ckeyx,imgf,fsex,main,title,subfig,caption,citation,flushed,blkx,docn,rid,xdtk,taxon,subgen,genus,family
1,Acartia_bifilosa_001,"35a,40a",img/0001_Acartia_bifilosa_001.jpg,female/male,"Acartia (Acanthacartia) bifilosa (Giesbrecht, 1881) (size: female, 0.67-1.25 mm; male, 0.67-1.25 mm)","Acartia (Acanthacartia) bifilosa (Giesbrecht, 1881)",Mazzocchi,"Mazzocchi, 2006: pl. 81. Acartia (Acanthacartia) bifilosa (Giesbrecht, 1881). Female. a. habitus (dorsal); b/c. urosome (dorsal/lateral); d/e. left leg 5. Male. f. habitus (dorsal); g. urosome (lateral); h. leg 5 (anterior).","Adapted from Razouls C., de Bovée F., Kouwenberg J. and Desreumaux N., 2005-2020. Diversity and Geographic Distribution of Marine Planktonic Copepods. Sorbonne University, CNRS. Available at http://copepodes.obs-banyuls.fr/en [Accessed may 27 2021].","1,2",1,1,167,"70,81",Acartia bifilosa,Acanthacartia,Acartia,Acartiidae
2,Acartia_bifilosa_002,35a,img/0002_Acartia_bifilosa_002.jpg,female,"Acartia (Acanthacartia) bifilosa (Giesbrecht, 1881) (size: female, 0.67-1.25 mm; male, 0.67-1.25 mm)","Acartia (Acanthacartia) bifilosa (Giesbrecht, 1881)",Original,"Original. Acartia (Acanthacartia) bifilosa (Giesbrecht, 1881), Female, 1.16 mm, Taiwan Strait. habitus (dorsal/lateral)",Original,"1,2",1,1,167,"70,81",Acartia bifilosa,Acanthacartia,Acartia,Acartiidae
3,Acartia_bilobata_003,38a,img/0003_Acartia_bilobata_003.jpg,female,"Acartia (Acanthacartia) bilobata (Braham, 1970) (size: female, 0.95-1.10 mm; male,0.90-0.95 mm)","Acartia (Acanthacartia) bilobata (Braham, 1970)",Female,"Original. Acartia (Acanthacartia) bilobata Braham, 1970, Female, 1.06 mm, NTOU aquarium: a/b. habitus (dorsal/lateral); c. leg 5 (posterior). Scales: a, b = 0.5 mm; c = 0.1 mm. Male, 0.92 mm, NTOU aquarium: a/b. Habitus (dorsal/lateral); c. leg 5 (posterior). Scales: a, b = 0.5 mm; c = 0.2 mm.",Original,"3,4",2,1,177,"76,82",Acartia bilobata,Acanthacartia,Acartia,Acartiidae
4,Acartia_bilobata_004,40b,img/0004_Acartia_bilobata_004.jpg,male,"Acartia (Acanthacartia) bilobata (Braham, 1970) (size: female, 0.95-1.10 mm; male,0.90-0.95 mm)","Acartia (Acanthacartia) bilobata (Braham, 1970)",Male,"Original. Acartia (Acanthacartia) bilobata Braham, 1970, Female, 1.06 mm, NTOU aquarium: a/b. habitus (dorsal/lateral); c. leg 5 (posterior). Scales: a, b = 0.5 mm; c = 0.1 mm. Male, 0.92 mm, NTOU aquarium: a/b. Habitus (dorsal/lateral); c. leg 5 (posterior). Scales: a, b = 0.5 mm; c = 0.2 mm.",Original,"3,4",2,1,177,"76,82",Acartia bilobata,Acanthacartia,Acartia,Acartiidae
5,Acartia_fossae_005,36a,img/0005_Acartia_fossae_005.jpg,female,"Acartia (Acanthacartia) fossae (Gurney, 1927) (size: female, 1.03-1.40 mm; male, 0.91-1.30 mm)","Acartia (Acanthacartia) fossae (Gurney, 1927)",Female,"Chihara & Murano, 1997..fig.7 a-c. Acartia (Acanthacartia) fossae Gurney, 1927, Female: a, habitus (dorsal); b, P5; c, last thoracic segment and urosome (dorsal). Nota: numbers show characteristics of this species to compare with A. tumida, A. steueri. Pl. 19, fig.7 a-c. Male: a, ０abitus (dorsal); b, last thoracic segment and urosome (dorsal) c, leg 5. Nota: numbers show characteristics of this species to compare with A. steueri, A. tumida. Pl. 19, fig.7 a-d].","Adapted from Razouls C., de Bovée F., Kouwenberg J. and Desreumaux N., 2005-2020. Diversity and Geographic Distribution of Marine Planktonic Copepods. Sorbonne University, CNRS. Available at http://copepodes.obs-banyuls.fr/en [Accessed May 27 2021].","5,6",3,1,186,"72,87",Acartia fossae,Acanthacartia,Acartia,Acartiidae
6,Acartia_fossae_006,43a,img/0006_Acartia_fossae_006.jpg,male,"Acartia (Acanthacartia) fossae (Gurney, 1927) (size: female, 1.03-1.40 mm; male, 0.91-1.30 mm)","Acartia (Acanthacartia) fossae (Gurney, 1927)",Male,"Chihara & Murano, 1997..fig.7 a-c. Acartia (Acanthacartia) fossae Gurney, 1927, Female: a, habitus (dorsal); b, P5; c, last thoracic segment and urosome (dorsal). Nota: numbers show characteristics of this species to compare with A. tumida, A. steueri. Pl. 19, fig.7 a-c. Male: a, ０abitus (dorsal); b, last thoracic segment and urosome (dorsal) c, leg 5. Nota: numbers show characteristics of this species to compare with A. steueri, A. tumida. Pl. 19, fig.7 a-d].","Adapted from Razouls C., de Bovée F., Kouwenberg J. and Desreumaux N., 2005-2020. Diversity and Geographic Distribution of Marine Planktonic Copepods. Sorbonne University, CNRS. Available at http://copepodes.obs-banyuls.fr/en [Accessed May 27 2021].","5,6",3,1,186,"72,87",Acartia fossae,Acanthacartia,Acartia,Acartiidae
7,Acartia_sinjiensis_007,"38c,44b",img/0007_Acartia_sinjiensis_007.jpg,female/male,"Acartia (Acanthacartia) sinjiensis (Mori, 1940) (size: female, 0.86-1.10 mm; male, 0.80-1.03 mm)","Acartia (Acanthacartia) sinjiensis (Mori, 1940)",Mulyadi,"Mulyadi, 2004. Fig. 84. As Acartia (Acartiura) sinjiensis. Female (from Java). a. habitus (dorsal); b. forehead (ventral); c-d, posterior part of last thoracic segment and urosome (dorsal and lateral, respectively); e, P5.Male: f, habitus (dorsal); h, P5.","Adapted from Razouls C., de Bovée F., Kouwenberg J. and Desreumaux N., 2005-2020. Diversity and Geographic Distribution of Marine Planktonic Copepods. Sorbonne University, CNRS. Available at http://copepodes.obs-banyuls.fr/en [Accessed May 27 2021].",7,4,1,195,"78,90",Acartia sinjiensis,Acanthacartia,Acartia,Acartiidae
8,Acartia_steueri_008,"37a,41a",img/0008_Acartia_steueri_008.jpg,female/male,"Acartia (Acanthacartia) steueri (Smirnov, 1936) (size: female, 1.10-1.70 mm; male, 0.90-1.31 mm)","Acartia (Acanthacartia) steueri (Smirnov, 1936)",Smirnov,"S. Smirnov, 1936. Fig.1-3. Acartia (Acanthacartia) steueri Smirnov, 1936, Female (from Belzow and Petrow Is.: off Vladivostok): 1, urosome (dorsal); 2, leg 5. Male: 3, leg 5.","Adapted from Razouls C., de Bovée F., Kouwenberg J. and Desreumaux N., 2005-2020. Diversity and Geographic Distribution of Marine Planktonic Copepods. Sorbonne University, CNRS. Available at http://copepodes.obs-banyuls.fr/en [Accessed May 27 2021].","8,9",5,1,207,"74,83",Acartia steueri,Acanthacartia,Acartia,Acartiidae
9,Acartia_steueri_009,"37a,41a",img/0009_Acartia_steueri_009.jpg,female/male,"Acartia (Acanthacartia) steueri (Smirnov, 1936) (size: female, 1.10-1.70 mm; male, 0.90-1.31 mm)","Acartia (Acanthacartia) steueri (Smirnov, 1936)",Tanaka,"O. Tanaka, 1965. Acartia (Acanthacartia) steueri Smirnov, 1936, Fig.245. Female: a, habitus (dorsal); b, forehead (left lateral side); c, last thoracic segment and urosome (left lateral side); d, leg 5; e, proximal portion of A1. Male: f, last thoracic segment and urosome (left lateral side); g, P5.","Adapted from Razouls C., de Bovée F., Kouwenberg J. and Desreumaux N., 2005-2020. Diversity and Geographic Distribution of Marine Planktonic Copepods. Sorbonne University, CNRS. Available at http://copepodes.obs-banyuls.fr/en [Accessed May 27 2021].","8,9",5,1,207,"74,83",Acartia steueri,Acanthacartia,Acartia,Acartiidae
10,Acartia_tsuensis_010,"38b,43b",img/0010_Acartia_tsuensis_010.jpg,female/male,"Acartia (Acanthacartia) tsuensis (Ito, 1956) (size: female, 0.89-1.00 mm; male, 0.80-0.90 mm)","Acartia (Acanthacartia) tsuensis (Ito, 1956)",Ito,"T. Ito, 1956, 471, Fig.2. Female (from brackish ponds, Kumozu and Heta regions, middle Japan): a, habitus (dorsal); b, last thoracic segment and urosome (dorsal); c, forehead (ventral); d-g, P1 to P4; h, P5. Male, i, leg 5.","Adapted from Razouls C., de Bovée F., Kouwenberg J. and Desreumaux N., 2005-2020. Diversity and Geographic Distribution of Marine Planktonic Copepods. Sorbonne University, CNRS. Available at http://copepodes.obs-banyuls.fr/en [Accessed May 27 2021].","10,11",6,1,217,"77,88",Acartia tsuensis,Acanthacartia,Acartia,Acartiidae
11,Acartia_tsuensis_011,43b,img/0011_Acartia_tsuensis_011.jpg,male,"Acartia (Acanthacartia) tsuensis (Ito, 1956) (size: female, 0.89-1.00 mm; male, 0.80-0.90 mm)","Acartia (Acanthacartia) tsuensis (Ito, 1956)",Takahashi & Ohno,"T. Takahashi & A. Ohno, 1996. A, leg 5; B, urosome (dorsal). Male: C, leg 5; D, urosome (dorsal).","Adapted from Razouls C., de Bovée F., Kouwenberg J. and Desreumaux N., 2005-2020. Diversity and Geographic Distribution of Marine Planktonic Copepods. Sorbonne University, CNRS. Available at http://copepodes.obs-banyuls.fr/en [Accessed May 27 2021].","10,11",6,1,217,"77,88",Acartia tsuensis,Acanthacartia,Acartia,Acartiidae
12,Acartia_tumida_012,"37b,44a",img/0012_Acartia_tumida_012.jpg,female/male,"Acartia (Acanthacartia) tumida (Willey, 1920) (size: female, 2.00-2.70 mm; male, 1.80-2.10 mm)","Acartia (Acanthacartia) tumida (Willey, 1920)",,"K.A. Brodskii, 1950. Fig.303. Acartia (Acanthacartia) tumida Willey, 1920. Female (from Bering Sea): habitus (dorsal and lateral right side); R, rostrum; last thoracic segment and urosome (dorsal); S5, P5. Male: urosome (dorsal); S5, P5.Nota: Abdomen 5-segmented. Lateral bristle of distal segment of left P5 exceeding the segment in length, same segment bearing long apical spine.","Adapted from Razouls C., de Bovée F., Kouwenberg J. and Desreumaux N., 2005-2020. Diversity and Geographic Distribution of Marine Planktonic Copepods. Sorbonne University, CNRS. Available at http://copepodes.obs-banyuls.fr/en [Accessed May 27 2021].",12,7,1,225,"75,89",Acartia tumida,Acanthacartia,Acartia,Acartiidae
13,Acartia_danae_013,14a,img/0013_Acartia_danae_013.jpg,female/male,"Acartia (Acartia) danae (Giesbrecht, 1889) (size: female, 0.90-1.34 mm; male, 0.70-1.10 mm)","Acartia (Acartia) danae (Giesbrecht, 1889)",Chen/Zhang,"Q.-c Chen & S.-z. Zhang, 1965, 7. [Pl.50, 7-10]. Acartia (Acartia) danae Giesbrecht, 1889, Female (from E China Sea): 7, habitus (dorsal); 8, right P5 (anterior). Male: 9, urosome (dorsal); 10, leg 5 (posterior).","Adapted from Razouls C., de Bovée F., Kouwenberg J. and Desreumaux N., 2005-2020. Diversity and Geographic Distribution of Marine Planktonic Copepods. Sorbonne University, CNRS. Available at http://copepodes.obs-banyuls.fr/en [Accessed May 27 2021].","13,14",8,1,233,28,Acartia danae,Acartia,Acartia,Acartiidae
14,Acartia_danae_014,14a,img/0014_Acartia_danae_014.jpg,female,"Acartia (Acartia) danae (Giesbrecht, 1889) (size: female, 0.90-1.34 mm; male, 0.70-1.10 mm)","Acartia (Acartia) danae (Giesbrecht, 1889)",Tanaka,"O. Tanaka, 1965, XII (5). [p.393, Fig.248]; As Acartia (Planktacartia) denae. Acartia (Acartia) danae Giesbrecht, 1889, Female: a, habitus (dorsal); b, last thoracic segment and urosome (left lateral side); c, last thoracic segment and genital somite (right lateral side); d, leg 5.","Adapted from Razouls C., de Bovée F., Kouwenberg J. and Desreumaux N., 2005-2020. Diversity and Geographic Distribution of Marine Planktonic Copepods. Sorbonne University, CNRS. Available at http://copepodes.obs-banyuls.fr/en [Accessed May 27 2021].","13,14",8,1,233,28,Acartia danae,Acartia,Acartia,Acartiidae
15,Acartia_negligens_015,14b,img/0015_Acartia_negligens_015.jpg,female/male,"Acartia (Acartia) negligens (Dana, 1849) (size: female, 0.80-1.10 mm; male, 0.90-1.10 mm)","Acartia (Acartia) negligens (Dana, 1849)",Greenwood,"Greenwood, 1978, 89. [p.14, Fig.6]. Acartia (Acartia) negligens Dana, 1849, Female (from Moreton Bay, E Australia):a, postrior metasome and urosome (dorsal); c, leg 5 with outer ramus truncated; d, leg 5. Male: b, posterior prosome and urosome (dorsal); e,","Adapted from Razouls C., de Bovée F., Kouwenberg J. and Desreumaux N., 2005-2020. Diversity and Geographic Distribution of Marine Planktonic Copepods. Sorbonne University, CNRS. Available at http://copepodes.obs-banyuls.fr/en [Accessed May 27 2021].","15,16",9,1,241,29,Acartia negligens,Acartia,Acartia,Acartiidae
16,Acartia_negligens_016,14b,img/0016_Acartia_negligens_016.jpg,male,"Acartia (Acartia) negligens (Dana, 1849) (size: female, 0.80-1.10 mm; male, 0.90-1.10 mm)","Acartia (Acartia) negligens (Dana, 1849)",Bradford-Grieve,"Bradford-Grieve, 1999. [p.221, Fig.163]. Acartia (Acartia) negligens Dana, 1849, Male: E, habitus (dorsal); F, urosome (dorsal); G, P5 (L = left leg; R = right leg).","Adapted from Razouls C., de Bovée F., Kouwenberg J. and Desreumaux N., 2005-2020. Diversity and Geographic Distribution of Marine Planktonic Copepods. Sorbonne University, CNRS. Available at http://copepodes.obs-banyuls.fr/en [Accessed May 27 2021].","15,16",9,1,241,29,Acartia negligens,Acartia,Acartia,Acartiidae
17,Acartia_clausi_017,"8a,12a",img/0017_Acartia_clausi_017.jpg,female/male,"Acartia (Acartiura) clausi (Giesbrecht, 1889) (size: female, 0.70-1.47 mm; male, 0.68-1.31 mm)","Acartia (Acartiura) clausi (Giesbrecht, 1889)","Bradford-Grieve, 1999","Bradford-Grieve, 1999. Figs 1a-g. As Acartia (Acartiura) clausi Female 1a/b, bitus (dorsal/ateral) 1c/d, genital double-somite (dorsal/lateral), 1e, leg 5,.Male, 1f, leg 5 1 g pediger 5 and urosome lateral).","Adapted from Razouls C., de Bovée F., Kouwenberg J. and Desreumaux N., 2005-2020. Diversity and Geographic Distribution of Marine Planktonic Copepods. Sorbonne University, CNRS. Available at http://copepodes.obs-banyuls.fr/en [Accessed May 27 2021].","17,18",10,1,250,"16,24",Acartia clausi,Acartiura,Acartia,Acartiidae
18,Acartia_clausi_018,"8a,12a",img/0018_Acartia_clausi_018.jpg,female/male,"Acartia (Acartiura) clausi (Giesbrecht, 1889) (size: female, 0.70-1.47 mm; male, 0.68-1.31 mm)","Acartia (Acartiura) clausi (Giesbrecht, 1889)","Boxshall & Halsey, 2004","Boxshall & Halsey, 2004: Fig.2. Acartia (Acartiura) clausi Giesbrecht, 1889, Female, A. habitus (dorsal), B. leg 5. Male. leg 5/ D. maxilliped, E. antenna. A-C from Sars, 1903, D-E from Huys & Boxshall, 1991.","Adapted from Razouls C., de Bovée F., Kouwenberg J. and Desreumaux N., 2005-2020. Diversity and Geographic Distribution of Marine Planktonic Copepods. Sorbonne University, CNRS. Available at http://copepodes.obs-banyuls.fr/en [Accessed May 27 2021].","17,18",10,1,250,"16,24",Acartia clausi,Acartiura,Acartia,Acartiidae
19,Acartia_hongi_019,9b,img/0019_Acartia_hongi_019.jpg,female,"Acartia (Acartiura) hongi (Soh & Suh, 2000) (size: female, 0.80-1.19; male, 0.70-1.04 mm)","Acartia (Acartiura) hongi (Soh & Suh, 2000)",Shen/Bai,"C.-j. Shen & S.-o. Bai, 1956. Pl.VII, Figs.52-54. As Acartia bifilosa 52, habitus (dorsal); 53, leg 5. Female; 54, leg 5, male.","Adapted from Razouls C., de Bovée F., Kouwenberg J. and Desreumaux N., 2005-2020. Diversity and Geographic Distribution of Marine Planktonic Copepods. Sorbonne University, CNRS. Available at http://copepodes.obs-banyuls.fr/en [Accessed May 27 2021].","19,20",11,1,261,"19,27",Acartia hongi,Acartiura,Acartia,Acartiidae
20,Acartia_hongi_020,"9b,13b",img/0020_Acartia_hongi_020.jpg,female/male,"Acartia (Acartiura) hongi (Soh & Suh, 2000) (size: female, 0.80-1.19; male, 0.70-1.04 mm)","Acartia (Acartiura) hongi (Soh & Suh, 2000)",Chen/Zhang,"Q.-c Chen & S.-z. Zhang, 1965. Pl.49, 5-8. As Acartia bifilosa. Female (from E China Sea): 5, habitus (dorsal); 6, P5 (posterior); Male: 7, habitus (dorsal); 8, P5 (posterior).","Adapted from Razouls C., de Bovée F., Kouwenberg J. and Desreumaux N., 2005-2020. Diversity and Geographic Distribution of Marine Planktonic Copepods. Sorbonne University, CNRS. Available at http://copepodes.obs-banyuls.fr/en [Accessed May 27 2021].","19,20",11,1,261,"19,27",Acartia hongi,Acartiura,Acartia,Acartiidae
21,Acartia_hudsonica_021,11a,img/0021_Acartia_hudsonica_021.jpg,male,"Acartia (Acartiura) hudsonica (Pinhey, 1926) (size: female, 0.74-1.32 mm; male, 0.71-1.07 mm)","Acartia (Acartiura) hudsonica (Pinhey, 1926)",1,"Carillo, Miller and Wiebe, 1974. As Acartia clausi. Fig.1. Acartia (Acartiura) hudsonica Pinhey, 1926, Male (from Yaquina Bay, Oregon) (right figure) and Acartia clausi (from Woods Hole) (left figure) (left figure). Interbreeding attempts between Atlantic and Pacific populations. Fig.2. Females (from Yaquina Bay, Oregon;) (right figure) and Acartia clausi (from Woods Hole: Atlantic form) (left figure). Interbreeding attempts between Atlantic and Pacific populations.","Adapted from Razouls C., de Bovée F., Kouwenberg J. and Desreumaux N., 2005-2020. Diversity and Geographic Distribution of Marine Planktonic Copepods. Sorbonne University, CNRS. Available at http://copepodes.obs-banyuls.fr/en [Accessed May 27 2021].","21,22",12,1,277,"18,22",Acartia hudsonica,Acartiura,Acartia,Acartiidae
22,Acartia_hudsonica_022,9a,img/0022_Acartia_hudsonica_022.jpg,female,"Acartia (Acartiura) hudsonica (Pinhey, 1926) (size: female, 0.74-1.32 mm; male, 0.71-1.07 mm)","Acartia (Acartiura) hudsonica (Pinhey, 1926)",2,"Carillo, Miller and Wiebe, 1974. As Acartia clausi. Fig.1. Acartia (Acartiura) hudsonica Pinhey, 1926, Male (from Yaquina Bay, Oregon) (right figure) and Acartia clausi (from Woods Hole) (left figure) (left figure). Interbreeding attempts between Atlantic and Pacific populations. Fig.2. Females (from Yaquina Bay, Oregon;) (right figure) and Acartia clausi (from Woods Hole: Atlantic form) (left figure). Interbreeding attempts between Atlantic and Pacific populations.","Adapted from Razouls C., de Bovée F., Kouwenberg J. and Desreumaux N., 2005-2020. Diversity and Geographic Distribution of Marine Planktonic Copepods. Sorbonne University, CNRS. Available at http://copepodes.obs-banyuls.fr/en [Accessed May 27 2021].","21,22",12,1,277,"18,22",Acartia hudsonica,Acartiura,Acartia,Acartiidae
23,Aetideopsis_armata_001,1a,img/0023_Aetideopsis_armata_001.jpg,female,"Aetideopsis armata (Boeck, 1872) (size: female, 2.80-4.50 mm; male, 2.90-4.00 mm)","Aetideopsis armata (Boeck, 1872)",Female,"Original. Euchirella venusta Giesbrecht, 1888, Female 3.84 mm, East China Sea. a/b habitus (dorsal/lateral); c. leg 1. Male. 3.12 mm, East China Sea. a/b. habitus (dorsal/lateral); c. leg 5 (posterior)",Original,"23,24",13,2,14,104,Aetideopsis armata,"",Aetideopsis,Aetideidae
24,Aetideopsis_armata_002,1a,img/0024_Aetideopsis_armata_002.jpg,male,"Aetideopsis armata (Boeck, 1872) (size: female, 2.80-4.50 mm; male, 2.90-4.00 mm)","Aetideopsis armata (Boeck, 1872)",Male,"Original. Euchirella venusta Giesbrecht, 1888, Female 3.84 mm, East China Sea. a/b habitus (dorsal/lateral); c. leg 1. Male. 3.12 mm, East China Sea. a/b. habitus (dorsal/lateral); c. leg 5 (posterior)",Original,"23,24",13,2,14,104,Aetideopsis armata,"",Aetideopsis,Aetideidae
25,Aetideopsis_retusa_003,1b,img/0025_Aetideopsis_retusa_003.jpg,female,"Aetideopsis retusa (Grice & Hülsemann, 1967) (size: female, 1.98-2.80 mm; male, 2.25-2.70 mm)","Aetideopsis retusa (Grice & Hülsemann, 1967)",Fig. 24,"Markhaseva, 1996: fig. 24. Female. a/b. habitus (dorsal/lateral); c/d. pediger 5 & urosome (dorsal/lateral); e. forehead (lateral); f. rostrum (anterior); g/h. genital double-somite (lateral/ventral); i. leg 1; j. leg 1 endopod; k. leg 3; l. leg 4. Fig. 25. Male. a/b. habitus (dorsal/lateral); c. forehead (lateral); rostrum (anterior); e. pediger 5 & urosome (dorsal); f. antenna; g. mandible; h. maxilliped; i. leg 5 (posterior); j. left leg 5, exopod segment 3.",,"25,26",14,2,21,105,Aetideopsis retusa,"",Aetideopsis,Aetideidae
26,Aetideopsis_retusa_004,1b,img/0026_Aetideopsis_retusa_004.jpg,male,"Aetideopsis retusa (Grice & Hülsemann, 1967) (size: female, 1.98-2.80 mm; male, 2.25-2.70 mm)","Aetideopsis retusa (Grice & Hülsemann, 1967)",Fig. 25,"Markhaseva, 1996: fig. 24. Female. a/b. habitus (dorsal/lateral); c/d. pediger 5 & urosome (dorsal/lateral); e. forehead (lateral); f. rostrum (anterior); g/h. genital double-somite (lateral/ventral); i. leg 1; j. leg 1 endopod; k. leg 3; l. leg 4. Fig. 25. Male. a/b. habitus (dorsal/lateral); c. forehead (lateral); rostrum (anterior); e. pediger 5 & urosome (dorsal); f. antenna; g. mandible; h. maxilliped; i. leg 5 (posterior); j. left leg 5, exopod segment 3.",,"25,26",14,2,21,105,Aetideopsis retusa,"",Aetideopsis,Aetideidae
27,Aetideus_acutus_001,4a,img/0027_Aetideus_acutus_001.jpg,female,"Aetideus acutus (Faran, 1929) (size: female, 1.42-1.80 mm; male, 1.22-1.98 mm)","Aetideus acutus (Faran, 1929)",20d,"Vervoort, 1957 As Euaetideus acutus. Fig.20 d. Aetideus acutus Faran, 1929 , Female: distal portion of rostral plate. Fig.28. Female (from Malay Archipelago): a-b, habitus (lateral/dorsal); c, forehead (lateral); d-e, posterior prosome and urosome (dorsal/lateral). Fig.29. Female: a, right leg 1 (anterior); b-d, legs 2 to 4 (left legs); e, left maxilla; f, left mandibular palp. Fig.30. Female: a, left antenna; b, left maxillule; c-d, right antennule; e, mandible cutting edge; f, right maxilliped.","Original. Aetideus acutus, female, 1.64 mm., off Zhibeng (2418N, 12146E), habitus (dorsal/lateral); rostrum; leg 4 basis.","27,28,29,30",15,3,59,"115,126",Aetideus acutus,"",Aetideus,Aetideidae
28,Aetideus_acutus_002,4a,img/0028_Aetideus_acutus_002.jpg,female,"Aetideus acutus (Faran, 1929) (size: female, 1.42-1.80 mm; male, 1.22-1.98 mm)","Aetideus acutus (Faran, 1929)",28,"Vervoort, 1957 As Euaetideus acutus. Fig.20 d. Aetideus acutus Faran, 1929 , Female: distal portion of rostral plate. Fig.28. Female (from Malay Archipelago): a-b, habitus (lateral/dorsal); c, forehead (lateral); d-e, posterior prosome and urosome (dorsal/lateral). Fig.29. Female: a, right leg 1 (anterior); b-d, legs 2 to 4 (left legs); e, left maxilla; f, left mandibular palp. Fig.30. Female: a, left antenna; b, left maxillule; c-d, right antennule; e, mandible cutting edge; f, right maxilliped.","Original. Aetideus acutus, female, 1.64 mm., off Zhibeng (2418N, 12146E), habitus (dorsal/lateral); rostrum; leg 4 basis.","27,28,29,30",15,3,59,"115,126",Aetideus acutus,"",Aetideus,Aetideidae
29,Aetideus_acutus_003,4a,img/0029_Aetideus_acutus_003.jpg,female,"Aetideus acutus (Faran, 1929) (size: female, 1.42-1.80 mm; male, 1.22-1.98 mm)","Aetideus acutus (Faran, 1929)",29,"Vervoort, 1957 As Euaetideus acutus. Fig.20 d. Aetideus acutus Faran, 1929 , Female: distal portion of rostral plate. Fig.28. Female (from Malay Archipelago): a-b, habitus (lateral/dorsal); c, forehead (lateral); d-e, posterior prosome and urosome (dorsal/lateral). Fig.29. Female: a, right leg 1 (anterior); b-d, legs 2 to 4 (left legs); e, left maxilla; f, left mandibular palp. Fig.30. Female: a, left antenna; b, left maxillule; c-d, right antennule; e, mandible cutting edge; f, right maxilliped.","Original. Aetideus acutus, female, 1.64 mm., off Zhibeng (2418N, 12146E), habitus (dorsal/lateral); rostrum; leg 4 basis.","27,28,29,30",15,3,59,"115,126",Aetideus acutus,"",Aetideus,Aetideidae
30,Aetideus_acutus_004,4a,img/0030_Aetideus_acutus_004.jpg,female,"Aetideus acutus (Faran, 1929) (size: female, 1.42-1.80 mm; male, 1.22-1.98 mm)","Aetideus acutus (Faran, 1929)",30,"Vervoort, 1957 As Euaetideus acutus. Fig.20 d. Aetideus acutus Faran, 1929 , Female: distal portion of rostral plate. Fig.28. Female (from Malay Archipelago): a-b, habitus (lateral/dorsal); c, forehead (lateral); d-e, posterior prosome and urosome (dorsal/lateral). Fig.29. Female: a, right leg 1 (anterior); b-d, legs 2 to 4 (left legs); e, left maxilla; f, left mandibular palp. Fig.30. Female: a, left antenna; b, left maxillule; c-d, right antennule; e, mandible cutting edge; f, right maxilliped.","Original. Aetideus acutus, female, 1.64 mm., off Zhibeng (2418N, 12146E), habitus (dorsal/lateral); rostrum; leg 4 basis.","27,28,29,30",15,3,59,"115,126",Aetideus acutus,"",Aetideus,Aetideidae
31,Aetideus_armatus_005,"6b,8a",img/0031_Aetideus_armatus_005.jpg,female/male,"Aetideus armatus (Boeck, 1872) (size: female, 1.33-2.25 mm; male, 1.25-2.10 mm)","Aetideus armatus (Boeck, 1872)",Bradford,"Bradford, 1971. Fig.3. From SW Africa (21&deg;-35&deg;S). Aetideus armatus (Boeck, 1872) , Male : a, habitus (dorsal); b, leg 5; c, caudal ramus; d, exopod segment 3 of leg 3. Nota: Posterior thoracic points extend up to (but not past), the posterior border of urosomal segment 1. Width: length ratio of caudal rami is 1: 2.58-2.70. Terminal seta on legs 2-4 with 24, 22 and 18 teeth respectively. Female: e/f, habitus (dorsal/lateral); g, rostrum; h/i, genital double-somite and posterior thoracic points (lateral left /lateral right); j, rostrum. Nota: Posterior thoracic points just passed the posterior border of the genital double somite, seminal receptacles with a thick, short tube joining the dorsal and ventral sacs. Rostrum: width/depth about 0.86-1.3 (falling within the range of the 2 specimens from Norway). Anterior cephalothorax vaulted, heavily chitinized and when viewed laterally indented above the base of antennule (characteristic not noted in the Norwegian specimens).","Adapted from Razouls C., de Bovée F., Kouwenberg J. and Desreumaux N., 2005-2020. Diversity and Geographic Distribution of Marine Planktonic Copepods. Sorbonne University, CNRS. Available at http://copepodes.obs-banyuls.fr/en [Accessed April 14 2021].","31,32",16,3,69,"120,123",Aetideus armatus,"",Aetideus,Aetideidae
32,Aetideus_armatus_006,6b,img/0032_Aetideus_armatus_006.jpg,female,"Aetideus armatus (Boeck, 1872) (size: female, 1.33-2.25 mm; male, 1.25-2.10 mm)","Aetideus armatus (Boeck, 1872)",Original,"Original. Aetideus armatus. Female, 1.34 mm, South China Sea, habitus (dorsal/lateral), rostrum; leg 4, coxa & basis",Original,"31,32",16,3,69,"120,123",Aetideus armatus,"",Aetideus,Aetideidae
33,Aetideus_bradyi_007,3a,img/0033_Aetideus_bradyi_007.jpg,female,"Aetideus bradyi (A. Scott, 1909) (size: female, 1.33-2.07 mm; male, 1.00-1.50 mm)","Aetideus bradyi (A. Scott, 1909)",20b,"W. Vervoort, 1957 As Euaetideus bradyii. Fig.20 b. Aetideus bradyi A. Scott, 1909, Female: distal portion of rostral plate. Fig.21. Female: a/c, habitus (lateral/dorsal); b, right antennule; d, forehead (lateral); e/f, posterior prosome and urosome (lateral/dorsal). Fig.22. Female: a, right leg 1 (anterior); b-d, legs 2 to 4 (left legs); e, right antenna; f, right mandibular palp. Fig.23. Female: a, right maxilla; b, left maxillule; c, left maxilliped; d, mancible (cutting edge).","Adapted from Razouls C., de Bovée F., Kouwenberg J. and Desreumaux N., 2005-2020. Diversity and Geographic Distribution of Marine Planktonic Copepods. Sorbonne University, CNRS. Available at http://copepodes.obs-banyuls.fr/en [Accessed April 14 2021].","33,34,35,36",17,3,81,"113,129",Aetideus bradyi,"",Aetideus,Aetideidae
34,Aetideus_bradyi_008,3a,img/0034_Aetideus_bradyi_008.jpg,female,"Aetideus bradyi (A. Scott, 1909) (size: female, 1.33-2.07 mm; male, 1.00-1.50 mm)","Aetideus bradyi (A. Scott, 1909)",21,"W. Vervoort, 1957 As Euaetideus bradyii. Fig.20 b. Aetideus bradyi A. Scott, 1909, Female: distal portion of rostral plate. Fig.21. Female: a/c, habitus (lateral/dorsal); b, right antennule; d, forehead (lateral); e/f, posterior prosome and urosome (lateral/dorsal). Fig.22. Female: a, right leg 1 (anterior); b-d, legs 2 to 4 (left legs); e, right antenna; f, right mandibular palp. Fig.23. Female: a, right maxilla; b, left maxillule; c, left maxilliped; d, mancible (cutting edge).","Adapted from Razouls C., de Bovée F., Kouwenberg J. and Desreumaux N., 2005-2020. Diversity and Geographic Distribution of Marine Planktonic Copepods. Sorbonne University, CNRS. Available at http://copepodes.obs-banyuls.fr/en [Accessed April 14 2021].","33,34,35,36",17,3,81,"113,129",Aetideus bradyi,"",Aetideus,Aetideidae
35,Aetideus_bradyi_009,3a,img/0035_Aetideus_bradyi_009.jpg,female,"Aetideus bradyi (A. Scott, 1909) (size: female, 1.33-2.07 mm; male, 1.00-1.50 mm)","Aetideus bradyi (A. Scott, 1909)",22,"W. Vervoort, 1957 As Euaetideus bradyii. Fig.20 b. Aetideus bradyi A. Scott, 1909, Female: distal portion of rostral plate. Fig.21. Female: a/c, habitus (lateral/dorsal); b, right antennule; d, forehead (lateral); e/f, posterior prosome and urosome (lateral/dorsal). Fig.22. Female: a, right leg 1 (anterior); b-d, legs 2 to 4 (left legs); e, right antenna; f, right mandibular palp. Fig.23. Female: a, right maxilla; b, left maxillule; c, left maxilliped; d, mancible (cutting edge).","Adapted from Razouls C., de Bovée F., Kouwenberg J. and Desreumaux N., 2005-2020. Diversity and Geographic Distribution of Marine Planktonic Copepods. Sorbonne University, CNRS. Available at http://copepodes.obs-banyuls.fr/en [Accessed April 14 2021].","33,34,35,36",17,3,81,"113,129",Aetideus bradyi,"",Aetideus,Aetideidae
36,Aetideus_bradyi_010,3a,img/0036_Aetideus_bradyi_010.jpg,female,"Aetideus bradyi (A. Scott, 1909) (size: female, 1.33-2.07 mm; male, 1.00-1.50 mm)","Aetideus bradyi (A. Scott, 1909)",23,"W. Vervoort, 1957 As Euaetideus bradyii. Fig.20 b. Aetideus bradyi A. Scott, 1909, Female: distal portion of rostral plate. Fig.21. Female: a/c, habitus (lateral/dorsal); b, right antennule; d, forehead (lateral); e/f, posterior prosome and urosome (lateral/dorsal). Fig.22. Female: a, right leg 1 (anterior); b-d, legs 2 to 4 (left legs); e, right antenna; f, right mandibular palp. Fig.23. Female: a, right maxilla; b, left maxillule; c, left maxilliped; d, mancible (cutting edge).","Adapted from Razouls C., de Bovée F., Kouwenberg J. and Desreumaux N., 2005-2020. Diversity and Geographic Distribution of Marine Planktonic Copepods. Sorbonne University, CNRS. Available at http://copepodes.obs-banyuls.fr/en [Accessed April 14 2021].","33,34,35,36",17,3,81,"113,129",Aetideus bradyi,"",Aetideus,Aetideidae
37,Aetideus_divergens_011,6a,img/0037_Aetideus_divergens_011.jpg,female/male,"Aetideus divergens (Bradford, 1971) (size: female, 1.69-1.90 mm; male, 1.25-1.43 mm)","Aetideus divergens (Bradford, 1971)","Bradford, 1971","Bradford, 1971. Aetideus divergens Bradford, 1971, Fig.9; From off British Columbia: 52&deg;02'N, 132&deg;53'W. Female: a/b, habitus (dorsal/lateral); c, genital double-somite and posterior prosome points (lateral right side); d, e, rostrum (from two specimens). Nota: Seminal receptacle with a moderately long thick tube, about 4 times as long as wide, connecting the dorsal and ventral sacs. Mouth parts and swimming legs identical with those of A. armatus. Male: f/g, habitus (ventral/lateral right); h, leg 5. Nota: Rostrum absent. All appendages as in A. australis.","Original. Aetideus divergens. Female, 1.86 mm., South China Sea, habitus (dorsal/lateral); rostrum; leg 1.",37,18,3,101,119,Aetideus divergens,"",Aetideus,Aetideidae
38,Aetideus_giesbrechti_012,4b,img/0038_Aetideus_giesbrechti_012.jpg,female,"Aetideus giesbrechti (Cleve, 1909) (size: female, 1.50-2.20 mm; male, 1.10-1.70 mm)","Aetideus giesbrechti (Cleve, 1909)",20,"Vervoort, 1957. As Euaetideus giesbrechti. Fig.20c. Female: distal portion of rostral plate. Fig.24. Female (from E Indian): a, habitus (lateral); b, left antenna; c/e, posterior part of prosome and urosome (dorsal/lateral); d, mandible (cutting edge). Fig.25. Female: a, habitus (dorsal); b, forehead (lateral); c, left maxillule; d, left mandible (mandibular palp). Fig.26. Female: a, right leg 1 (anterior); b, left maxilla; c, left maxilliped. Fig.27.female: a-c, legs 2 to 4 (left legs).","Original. Aetideus giesbrechti Cleve, 1909. Female, 1.56 mm., South China Sea, habitus (dorsal/lateral)","38,39,40,41,42",19,3,124,"116,128",Aetideus giesbrechti,"",Aetideus,Aetideidae
39,Aetideus_giesbrechti_013,4b,img/0039_Aetideus_giesbrechti_013.jpg,female,"Aetideus giesbrechti (Cleve, 1909) (size: female, 1.50-2.20 mm; male, 1.10-1.70 mm)","Aetideus giesbrechti (Cleve, 1909)",24,"Vervoort, 1957. As Euaetideus giesbrechti. Fig.20c. Female: distal portion of rostral plate. Fig.24. Female (from E Indian): a, habitus (lateral); b, left antenna; c/e, posterior part of prosome and urosome (dorsal/lateral); d, mandible (cutting edge). Fig.25. Female: a, habitus (dorsal); b, forehead (lateral); c, left maxillule; d, left mandible (mandibular palp). Fig.26. Female: a, right leg 1 (anterior); b, left maxilla; c, left maxilliped. Fig.27.female: a-c, legs 2 to 4 (left legs).","Original. Aetideus giesbrechti Cleve, 1909. Female, 1.56 mm., South China Sea, habitus (dorsal/lateral)","38,39,40,41,42",19,3,124,"116,128",Aetideus giesbrechti,"",Aetideus,Aetideidae
40,Aetideus_giesbrechti_014,4b,img/0040_Aetideus_giesbrechti_014.jpg,female,"Aetideus giesbrechti (Cleve, 1909) (size: female, 1.50-2.20 mm; male, 1.10-1.70 mm)","Aetideus giesbrechti (Cleve, 1909)",25,"Vervoort, 1957. As Euaetideus giesbrechti. Fig.20c. Female: distal portion of rostral plate. Fig.24. Female (from E Indian): a, habitus (lateral); b, left antenna; c/e, posterior part of prosome and urosome (dorsal/lateral); d, mandible (cutting edge). Fig.25. Female: a, habitus (dorsal); b, forehead (lateral); c, left maxillule; d, left mandible (mandibular palp). Fig.26. Female: a, right leg 1 (anterior); b, left maxilla; c, left maxilliped. Fig.27.female: a-c, legs 2 to 4 (left legs).","Original. Aetideus giesbrechti Cleve, 1909. Female, 1.56 mm., South China Sea, habitus (dorsal/lateral)","38,39,40,41,42",19,3,124,"116,128",Aetideus giesbrechti,"",Aetideus,Aetideidae
41,Aetideus_giesbrechti_015,4b,img/0041_Aetideus_giesbrechti_015.jpg,female,"Aetideus giesbrechti (Cleve, 1909) (size: female, 1.50-2.20 mm; male, 1.10-1.70 mm)","Aetideus giesbrechti (Cleve, 1909)",26,"Vervoort, 1957. As Euaetideus giesbrechti. Fig.20c. Female: distal portion of rostral plate. Fig.24. Female (from E Indian): a, habitus (lateral); b, left antenna; c/e, posterior part of prosome and urosome (dorsal/lateral); d, mandible (cutting edge). Fig.25. Female: a, habitus (dorsal); b, forehead (lateral); c, left maxillule; d, left mandible (mandibular palp). Fig.26. Female: a, right leg 1 (anterior); b, left maxilla; c, left maxilliped. Fig.27.female: a-c, legs 2 to 4 (left legs).","Original. Aetideus giesbrechti Cleve, 1909. Female, 1.56 mm., South China Sea, habitus (dorsal/lateral)","38,39,40,41,42",19,3,124,"116,128",Aetideus giesbrechti,"",Aetideus,Aetideidae
42,Aetideus_giesbrechti_016,"4b,11a",img/0042_Aetideus_giesbrechti_016.jpg,,"Aetideus giesbrechti (Cleve, 1909) (size: female, 1.50-2.20 mm; male, 1.10-1.70 mm)","Aetideus giesbrechti (Cleve, 1909)",27,"Vervoort, 1957. As Euaetideus giesbrechti. Fig.20c. Female: distal portion of rostral plate. Fig.24. Female (from E Indian): a, habitus (lateral); b, left antenna; c/e, posterior part of prosome and urosome (dorsal/lateral); d, mandible (cutting edge). Fig.25. Female: a, habitus (dorsal); b, forehead (lateral); c, left maxillule; d, left mandible (mandibular palp). Fig.26. Female: a, right leg 1 (anterior); b, left maxilla; c, left maxilliped. Fig.27.female: a-c, legs 2 to 4 (left legs).","Original. Aetideus giesbrechti Cleve, 1909. Female, 1.56 mm., South China Sea, habitus (dorsal/lateral)","38,39,40,41,42",19,3,124,"116,128",Aetideus giesbrechti,"",Aetideus,Aetideidae
43,Aetideus_truncatus_017,"5a,8b",img/0043_Aetideus_truncatus_017.jpg,female/male,"Aetideus truncatus (Bradford, 1971) (size: female, 1.60-1.80 mm; male, 1.45 mm)","Aetideus truncatus (Bradford, 1971)","Bradford, 1971","Bradford, 1971. Fig.10. From NE pacific: 22&deg;59'N, 107&deg;13' W. Aetideus truncatus Bradford, 1971, Female: a, b, rostrum (from two different specimens); c, genital double-somite and posterior prosomal point (lateral left side); d/e, habitus (dorsal/lateral). Nota: Rostrum : Width: Depth ratio = 1.46-1.84 (see fig.5c to A. australis). Head vaulted above mandible and Mx1 (in lateral view). Seminal receptacle with a thick neck joining dorsal and ventral sacs. Mouth parts and swimming legs are identical with those of A. armatus. Male: f, P5; g, exopod segment 3 of leg 3; h, habitus (dorsal). Nota: Rostrum absent. Fusion line between pedigers 4 and 5 visible dorsally. The terminal exopod spines on leg 3 with 21 teeth (these teeth appear to be more widely spaced than in A. armatus).",,43,20,3,130,"117,124",Aetideus truncatus,"",Aetideus,Aetideidae
